
[{"indexConfigMeta":{"lastModified":"11\/11\/2018","version":"1.0.0.0","description":"Index configuration - ABCClientInsightPack","name":"ABCClientInsightPack_indexconf"},"fields":{"logRecord":{"dataType":"TEXT","retrievable":true,"retrieveByDefault":true,"sortable":false,"filterable":false,"searchable":true,"source":{"paths":["content.text","metadata.text"],"combine":"FIRST"}},"timestamp":{"dataType":"DATE","retrievable":true,"retrieveByDefault":true,"sortable":true,"filterable":true,"searchable":true,"source":{"dateFormats":["yyyy-MM-dd HH:mm:ss,SSS"],"paths":["metadata.timestamp"]}},"Date":{"dataType":"TEXT","retrievable":true,"retrieveByDefault":true,"sortable":true,"filterable":true,"searchable":true,"source":{"paths":["annotations.Date"]}},"Time":{"dataType":"TEXT","retrievable":true,"retrieveByDefault":true,"sortable":true,"filterable":true,"searchable":true,"source":{"paths":["annotations.Time"]}},"Producer":{"dataType":"TEXT","retrievable":true,"retrieveByDefault":true,"sortable":true,"filterable":true,"searchable":true,"source":{"paths":["annotations.Producer"]}},"Severity":{"dataType":"TEXT","retrievable":true,"retrieveByDefault":true,"sortable":true,"filterable":true,"searchable":true,"source":{"paths":["annotations.Severity"]}},"JavaClass":{"dataType":"TEXT","retrievable":true,"retrieveByDefault":true,"sortable":true,"filterable":true,"searchable":true,"source":{"paths":["annotations.JavaClass"]}},"JavaMethod":{"dataType":"TEXT","retrievable":true,"retrieveByDefault":true,"sortable":true,"filterable":true,"searchable":true,"source":{"paths":["annotations.JavaMethod"]}},"LineNumber":{"dataType":"TEXT","retrievable":true,"retrieveByDefault":true,"sortable":true,"filterable":true,"searchable":true,"source":{"paths":["annotations.LineNumber"]}},"Message":{"dataType":"TEXT","retrievable":true,"retrieveByDefault":true,"sortable":true,"filterable":true,"searchable":true,"source":{"paths":["annotations.Message"]}}}}]
